{
  "loss": 0.2462083101272583,
  "dice": 0.914797842502594,
  "iou": 0.8498908281326294,
  "precision": 0.9141011238098145,
  "recall": 0.9192550182342529
}