{
  "loss": 0.24951916933059692,
  "dice": 0.9138537645339966,
  "iou": 0.8481479287147522,
  "precision": 0.9143354296684265,
  "recall": 0.9172661900520325
}