{
  "loss": 0.15553608536720276,
  "dice": 0.908858060836792,
  "iou": 0.8394290804862976,
  "precision": 0.9083221554756165,
  "recall": 0.9139094352722168
}