{
  "loss": 0.14787155389785767,
  "dice": 0.9137384295463562,
  "iou": 0.847633421421051,
  "precision": 0.9096654057502747,
  "recall": 0.9217698574066162
}