{
  "loss": 0.26507803797721863,
  "dice": 0.9156254529953003,
  "iou": 0.8510436415672302,
  "precision": 0.9200329780578613,
  "recall": 0.9147474765777588
}