{
  "loss": 0.15200643241405487,
  "dice": 0.9133288860321045,
  "iou": 0.849111795425415,
  "precision": 0.9155312776565552,
  "recall": 0.9162440896034241
}