{
  "loss": 0.15321031212806702,
  "dice": 0.9117332100868225,
  "iou": 0.8447287678718567,
  "precision": 0.9113781452178955,
  "recall": 0.9158040285110474
}