{
  "loss": 0.24631181359291077,
  "dice": 0.9150493144989014,
  "iou": 0.850156843662262,
  "precision": 0.9113361239433289,
  "recall": 0.9225014448165894
}