{
  "loss": 0.2471374273300171,
  "dice": 0.9142742156982422,
  "iou": 0.8492852449417114,
  "precision": 0.9164673686027527,
  "recall": 0.9156656265258789
}