{
  "loss": 0.26534441113471985,
  "dice": 0.9154290556907654,
  "iou": 0.8509694933891296,
  "precision": 0.9144837260246277,
  "recall": 0.9197524785995483
}