{
  "loss": 0.14968860149383545,
  "dice": 0.9122490286827087,
  "iou": 0.845114529132843,
  "precision": 0.9146487712860107,
  "recall": 0.9134896993637085
}