{
  "loss": 0.1654154360294342,
  "dice": 0.9108052849769592,
  "iou": 0.8430278301239014,
  "precision": 0.9088959693908691,
  "recall": 0.9158729314804077
}